Rank,HS6_Code,Short_Name_ENG,ESRI_Score
1,259929,Railway or tramway track ,0.04523659880960852
2,251123,Iron or steel equipment f,0.03918843174252662
3,222929,Hard rubber or plastic co,0.03885841434609567
4,271231,Numerical control panels ,0.03648618862943695
5,271240,"Boards, panels, consoles,",0.0337048897387562
6,273313,Plugs and sockets for coa,0.0324282052892441
7,256220,Metal parts (excluding tu,0.030132586358358672
8,293230,Bumpers and parts thereof,0.029521285453347437
9,279041,Rectifiers (excluding of ,0.029002662372828086
10,273311,Electrical apparatus for ,0.02888148380939362
11,289939,Machines for treating met,0.02807243369439682
12,279044,"Appliance cords, extensio",0.02726849808650705
13,265185,Parts and accessories of ,0.026196235477389338
14,282219,Parts of machinery of HS ,0.02479328129189951
15,221973,Articles of cellular rubb,0.024538743724543323
16,274030,Searchlights and spotligh,0.02438680968325396
17,259411,Screws and bolts for fixi,0.024369392825405314
18,273213,Other electric conductors,0.02412896860575129
19,265182,Parts and accessories for,0.023637205571005276
20,265166,Test benches,0.02346201525232204
21,265152,Electronic flow meters (e,0.023456381441102722
22,261130,Multichip integrated circ,0.023191508661584596
23,273314,"Trunking, ducting and cab",0.022959928076490523
24,257330,"Files, rasps and similar ",0.022933833329194735
25,256210,Turned metal parts for ta,0.022522853490169747
26,271224,Relays for a voltage ≤ 60,0.02238495465698014
27,263023,Base stations,0.02207227829941045
28,222219,"Spools, cops, bobbins and",0.021770355671878093
29,282530,Parts for air conditionin,0.021657249886056894
30,281539,Parts of bearing housings,0.02131768218651435
31,222130,"Other plates..., of polym",0.021173448441195373
32,289952,Parts for machines for as,0.021024096758294884
33,259413,"Washers, rivets, cotters,",0.019976875208837012
34,242033,"Tubes and pipes, of circu",0.019963703388768617
35,279011,Machines with translation,0.019791089604005697
36,222129,"Flexible tubes, pipes and",0.019620663755628466
37,271150,Inductors for discharge l,0.019284338092865196
38,139229,"Floor-cloths, dish-cloths",0.01924908562998273
39,259316,Iron or steel hot-worked ,0.019117910691697527
40,263030,Parts of electrical telep,0.01909070815800124
41,259412,Iron or steel spring wash,0.018982328621130994
42,242040,"Flanges, of steel (exclud",0.018957711848780767
43,257214,Base metal hinges,0.01874196848897576
44,261210,Passive networks (includi,0.01870390459640128
45,271221,Fuses for a voltage ≤ 1 k,0.01864249026266265
46,281331,Parts of pumps for liquid,0.01837430486481333
47,310911,Metal furniture (excludin,0.018085077982717853
48,265170,Electronic thermostats,0.018031095340639427
49,221920,Rubber compounded with ca,0.017969375823093717
50,271110,Electric motors of an out,0.01773552284223381
51,222922,"Self-adhesive plates, she",0.01768064081048776
52,267026,Parts and accessories of ,0.01753275132601961
53,282983,Cylinders for calendering,0.01740182240044448
54,289261,Parts for boring or sinki,0.01701800606659033
55,293220,Safety seat belts,0.01691628719015809
56,162413,"Cases, boxes, crates, dru",0.01655410629875603
57,222142,"Non-cellular plates, shee",0.016531705658722695
58,279033,Parts of electrical signa,0.016184918562519267
59,262016,"Printers, capable of conn",0.01617186741443231
60,282912,Machinery and apparatus f,0.016162666616123127
61,282922,Fire extinguishers,0.01615551402198885
62,282984,Non-automatic lubricating,0.016130134491913504
63,283092,"Parts of agricultural, ho",0.0160473167221912
64,256290,The order of part operati,0.01603163510652244
65,139614,"Textile fabrics, impregna",0.01596869915559991
66,244226,Aluminium tubes and pipes,0.015828466939413966
67,251199,Sub-contracted operations,0.015688865169207002
68,259311,"Stranded wire, ropes and ",0.01566003086707834
69,222141,"Plates, sheet, film, foil",0.015593468235142662
70,329119,"Paint brushes, distemperi",0.015576074620133848
71,281524,Gear boxes for stationary,0.015535554526242024
72,257211,Base metal padlocks,0.015497689316837945
73,222921,Self-adhesive strips of p,0.015347362269351779
74,282982,Parts for centrifuges and,0.015339645527283658
75,222110,Monofilament with any cro,0.01533042998894147
76,244422,Copper and copper alloy b,0.015235921006572655
77,242034,"Tubes and pipes, of non-c",0.015132047085950326
78,222214,"Plastic carboys, bottles,",0.01510358613684174
79,259317,Iron/steel stud-link chai,0.015047291731093542
80,205210,Adhesives based on natura,0.014973208050060536
81,281332,Parts of air and vacuum p,0.014964939230925654
82,259111,"Tanks, casks, drums, cans",0.014916799475556419
83,242013,"Tubes and pipes, of circu",0.01487975948786297
84,281523,Bearing housings incorpor,0.014864868963436416
85,141334,Women’s or girls’ dresses,0.014850891357954794
86,281531,"Balls, needles and roller",0.014685329977294739
87,281522,Cranks and crankshafts,0.014649502194505656
88,281141,Parts suitable for use so,0.01463687692055201
89,271222,Automatic circuit breaker,0.014590863343857072
90,282217,Pneumatic elevators and c,0.014533568505377464
91,263013,Television cameras (inclu,0.01446579853907726
92,221930,Rubber tubing not reinfor,0.014426013658219139
93,222213,"Plastic boxes, cases, cra",0.014323507478742361
94,274012,Tungsten halogen filament,0.014292092395876185
95,132031,Woven fabrics of man-made,0.014215222353296916
96,259313,Endless bands for machine,0.013990545414461762
97,172911,Self-adhesive printed lab,0.013985148984732205
98,292023,Other trailers and semi-t,0.013981681664847454
99,257212,Base metal cylinder locks,0.013979855441717112
100,281314,"Submersible motor, single",0.013915480388443882
101,292030,"Chassis for trailers, sem",0.01384574396232105
102,293110,Insulated ignition wiring,0.013836036325179565
103,243110,"Bars and rods, of non-all",0.013824227586681883
104,281216,"Hydraulic systems, with c",0.013779603297079938
105,281521,Iron or steel roller chai,0.013750246031054876
106,162411,Flat pallets and pallet c,0.013691965765876201
107,222121,Artificial guts (sausage ,0.013549819638497999
108,292021,Containers specially desi,0.013516753837038804
109,282511,Heat exchange units,0.013514913314150273
110,281413,Temperature regulators (e,0.013498644344397384
111,252911,"Iron or steel reservoirs,",0.013329032444861754
112,265153,Electronic gas or smoke a,0.013311942325939996
113,256122,Wet painting and varnishi,0.013249661109488942
114,331219,Repair and maintenance of,0.013174290248424174
115,331111,Repair and maintenance se,0.013146402683847607
116,293123,Electrical or battery ope,0.012911755162926329
117,141335,Women’s or girls’ trouser,0.012881576995386983
118,257340,Tapping tools for working,0.012876351291378787
119,172113,"Cartons, boxes and cases,",0.012771149428617252
120,257360,Rock drilling or earth bo,0.012724828081500855
121,205943,Hydraulic brake fluids an,0.01271098516341474
122,281211,Hydraulic cylinders,0.012689686292693157
123,222313,"Plastic reservoirs, tanks",0.012684670984999187
124,282913,Oil or petrol-filters for,0.012633666783515598
125,139222,"Tarpaulins, awnings and s",0.01257144767332679
126,244426,Copper tubes and pipes,0.012552039085717162
127,271162,Ferrite cores of transfor,0.012529452236965744
128,281214,Pressure-reducing valves ,0.01249251820873792
129,289230,Pile-drivers and pile-ext,0.012462308460654933
130,222926,Plastic fittings for furn,0.012390644089581009
131,181214,"Printed books, brochures,",0.012321615460213948
132,272021,Lead-acid accumulators of,0.012320351596401158
133,281133,Parts of gas turbines (ex,0.0122876149645526
134,282923,Gaskets and similar joint,0.012224498977931434
135,222991,Plastic parts for machine,0.012091722044796376
136,292010,Bodies for motor cars and,0.012044525550642877
137,222319,Builder’s fittings and mo,0.01200272256939847
138,244413,Unwrought unalloyed refin,0.011944406183342395
139,281313,Positive displacement pum,0.011766873079961652
140,281411,Pressure-reducing valves ,0.01175014543560377
141,141321,"Men’s or boys’ raincoats,",0.011672658999149162
142,279060,Fixed electrical resistor,0.011664886397217324
143,274014,Filament lamps for motorc,0.011634288363461047
144,241064,"Hot-rolled round bars, of",0.011621726920179234
145,289112,"Parts for converters, lad",0.011561470178926501
146,139411,"Twine, cordage, rope or c",0.011560184273857143
147,221940,Rubber transmission belts,0.011541301851308524
148,281199,Sub-contracted operations,0.01147970462008513
149,282213,Built-in jacking systems ,0.011474057142002593
150,291012,Spark-ignition reciprocat,0.011452325728819147
151,272012,Parts of primary cells an,0.01145097361742857
152,244224,"Aluminium plates, sheets ",0.011441947837519938
153,291059,Fire-fighting vehicles,0.01144078294381049
154,279070,"Electrical signalling, sa",0.011379211936454144
155,259925,"Base metal hooks, eyes, e",0.011332530793112177
156,291013,Vehicle compression-ignit,0.011315704719822043
157,231213,Multiple-walled insulatin,0.011286557244733368
158,245130,"Tube or pipe fittings, of",0.011275763486379894
159,281323,Compressors for refrigera,0.01124363380084352
160,289227,Bulldozer or angledozer b,0.011234928522635645
161,221111,New pneumatic rubber tyre,0.011191307013897301
162,141331,Woman’s or girls’ raincoa,0.011171099455961257
163,273399,Sub-contracted operations,0.011138069133312037
164,271161,Parts suitable for use so,0.011136374873376972
165,281526,Clutches and shaft coupli,0.011127522580079527
166,281510,Ball bearings,0.01112628882922774
167,281212,Rotating hydraulic and pn,0.011121442532017958
168,221115,Solid or cushion rubber t,0.011120169349055483
169,162124,Veneer sheets and sheets ,0.011106260518164683
170,271123,Multi-phase AC motors of ,0.011099758998717688
171,259299,Sub-contracted operations,0.011085444491299468
172,241042,"Cold-rolled sheet, plate ",0.011075270153710492
173,264034,"Monitors and projectors, ",0.011065676969669062
174,245120,"Tubes, pipes and hollow p",0.011064627051885975
175,281215,Reciprocating positive di,0.011064627051885973
176,242011,"Line pipe, of a kind used",0.011064627051885972
177,231412,Mats of irregularly lamin,0.01106462705188597
178,241021,Flat semi-finished produc,0.011064627051885963
179,257310,Spades and shovels,0.01106441563743629
180,231299,Sub-contracted operations,0.011064351394006845
181,221120,Retreaded tyres of rubber,0.011064336277905783
182,310112,Wooden furniture of a kin,0.011058215486081567
183,141333,Women’s or girls’ jackets,0.011023458396542117
184,222923,Tableware and kitchenware,0.010973961888552246
185,262040,Parts and accessories of ,0.010905926620002821
186,331910,Repair services of tarpau,0.010790661212968188
187,141423,Women’s or girls’ blouses,0.010540986434781567
188,222211,Sacks and bags of polymer,0.010530182990382756
189,284140,Parts and accessories for,0.010191772626499165
190,141324,Men’s or boys’ trousers a,0.009985654425692068
191,141212,Men’s or boys’ trousers a,0.00983026542890161
192,310210,Kitchen furniture,0.009824475393511741
193,257350,Moulding boxes for metal ,0.009764745404353061
194,181216,Printing onto textiles,0.009695977977176275
195,141230,Men’s or boys’ other garm,0.009622868660938285
196,310912,Wooden bedroom furniture ,0.009605644725998216
197,275130,Parts for vacuum cleaners,0.009604386704998746
198,141211,"Men’s or boys’ ensembles,",0.009389983615027023
199,181219,Printed calendars of any ,0.009228751823251278
200,151212,"Trunks, suitcases, vanity",0.009156724078719146
201,271210,Fuses for a voltage > 1 k,0.009084893458050853
202,181212,Printed commercial catalo,0.008995983193331824
203,141399,Sub-contracted operations,0.00858031567526177
204,143910,"Men’s or boys’ jerseys, p",0.008529198937707934
205,265181,Parts of radar apparatus ,0.008479570393143662
206,262030,Other units of automatic ,0.008348289908150461
207,139216,Hand-woven tapestries of ,0.008328006586261339
208,310913,Other wooden furniture (e,0.008083163759664332
209,261122,Semiconductor light emitt,0.00801152767624552
210,172114,"Folding cartons, boxes an",0.007871785293278189
211,263040,Telescopic and whip-type ,0.007832538428210793
212,331229,Repair and maintenance se,0.007727639437813719
213,282218,"Teleferics, chair-lifts, ",0.00766292689557081
214,279020,Indicator panels incorpor,0.007658821782621542
215,162914,Wooden frames for paintin,0.007638023513506106
216,265184,Parts and accessories for,0.007611202083500637
217,141922,Other men’s or boys’ appa,0.007606496114707086
218,162311,"Windows, french windows a",0.0075910595578197035
219,141430,"T-shirts, singlets and ve",0.0075451070600792
220,141314,Women’s or girls’ jackets,0.007499385101224465
221,283091,Parts of machinery and ap,0.0074026854032353505
222,251210,"Iron or steel doors, thre",0.007378548172680587
223,257399,Sub-contracted operations,0.007354892813708697
224,279052,Fixed electrical capacito,0.007343747743591718
225,172199,Sub-contracted operations,0.007339293887148538
226,255013,Sheet metal forming of st,0.007311384969244754
227,261150,Multilayer printed circui,0.007199408258944508
228,259314,"Nails, tacks, drawing pin",0.007169500319228575
229,251110,"Prefabricated buildings, ",0.007164546081316644
230,141222,Women’s or girls’ trouser,0.007162617375057066
231,181213,"Printed newspapers, journ",0.007070824209372147
232,243411,Iron or non-alloy steel w,0.007059867118244774
233,265143,Instruments for measuring,0.007024668359714011
234,271223,Electrical apparatus for ,0.006980043061149002
235,141313,Women’s or girls’ overcoa,0.006769079883956488
236,141923,Handkerchiefs,0.006670074650351378
237,329953,"Instruments, apparatus an",0.006603156083766915
238,274042,Parts of portable electri,0.006579800515235973
239,323015,"Leather sports gloves, mi",0.006574634899563932
240,181330,Other graphic services,0.006540768834471125
241,141919,"Shawls, scarves, mufflers",0.006505409366470417
242,141413,Women’s or girls’ blouses,0.006442340415872415
243,139912,Embroidery (without visib,0.006393296748846604
244,310012,Seats convertible into be,0.006392765300488134
245,172313,"Registers, account books,",0.006314602491890723
246,141311,"Men’s or boys’ overcoats,",0.006164392474946608
247,172115,Other packaging container,0.006161171516322805
248,323014,Gymnasium or athletics ar,0.006116856235415168
249,141312,Men’s or boys’ jackets an,0.0060834457996934085
250,172919,Cigarette paper in rolls ,0.006079539369914533
251,331215,Repair and maintenance of,0.005992723584085089
252,141942,Felt hats and other felt ,0.005928605431150539
253,222999,Sub-contracted operations,0.005891840679406226
254,329111,Brooms and brushes of twi,0.0057147765328812525
255,244222,"Aluminium bars, rods and ",0.005669419937893664
256,139299,Sub-contracted operations,0.005644782243318627
257,141323,Men’s or boys’ jackets an,0.0056419081478485
258,139224,Sleeping bags,0.005627690207367081
259,310113,Wooden furniture for shop,0.005550793592369888
260,139214,Toilet linen and kitchen ,0.005544674369024596
261,222314,"Plastic doors, windows an",0.005503767356145792
262,331311,Repair and maintenance of,0.005491551950502428
263,259213,Crown corks of base metal,0.005482757599201541
264,139213,Table linen of knitted or,0.005477633919703039
265,261121,Semiconductor diodes,0.0054592106578961646
266,284131,Numerically controlled be,0.0054511134908941765
267,279032,Parts of machines and app,0.005443665132998796
268,139221,"Sacks and bags, of cotton",0.005406111252904054
269,265164,"Revolution, production an",0.005405520908620323
270,222924,"Plastic parts for lamps, ",0.005352870134464613
271,181215,Printing services for lab,0.005346949080635795
272,139312,Woven carpets and other w,0.005334713734213511
273,256111,Metallic coating by immer,0.0053273022951935665
274,172999,Sub-contracted operations,0.005319365085525435
275,255011,Wrought steel shaped free,0.005305146521321393
276,282322,Parts and accessories of ,0.005241929858532082
277,274025,Chandeliers and other ele,0.005220086065209038
278,141421,Men’s or boys’ shirts (ex,0.005206172272054483
279,244423,"Copper wire, refined (tra",0.005162564897971309
280,266011,Apparatus based on the us,0.005154726144752607
281,251122,Iron or steel towers and ,0.005140070323477524
282,241051,"Tinplate, other tinned sh",0.004969620241642178
283,262013,Desk top PCs,0.004928178606757479
284,181410,Bookbinding and finishing,0.0049158752470528574
285,271142,Measuring transformers ha,0.004897628627159815
286,262021,Storage units,0.004886284662907425
287,283093,Parts of poultry-keeping ,0.0048708228911160546
288,324039,Games and toys n.e.c.,0.004850606059892281
289,239919,"Slag wool, rock wool and ",0.0048326971124167135
290,162319,Builders’ joinery and car,0.004786140154082086
291,243210,Cold-rolled narrow strip ,0.004738910749388195
292,172112,"Sacks and bags, with a ba",0.004691167745809524
293,201640,"Polyacetals, in primary f",0.004655557578006715
294,205941,Lubricating preparations ,0.004654556934310297
295,139215,Curtains and interior bli,0.0046322584563725285
296,264051,Precious or semi-precious,0.00460683348627012
297,279031,Electric soldering irons ,0.004601733251404068
298,151219,Articles of leather or co,0.004590339581962612
299,139211,Blankets and travelling r,0.004574660149323013
300,259312,Barbed wire and barbed wi,0.004572811151144809
301,310014,Parts of seats,0.004568308130683655
302,279012,Electrical insulators (ex,0.004563475958956647
303,141912,"Track-suits, of knitted o",0.004562122590948447
304,243130,Cold-drawn bars and solid,0.004542158303177447
305,172212,Sanitary towels and tampo,0.004531859597133308
306,310311,Mattress supports (includ,0.004522765363667562
307,244530,Tungsten (wolfram) and ar,0.004475634727284405
308,172399,Sub-contracted operations,0.004472553510043785
309,331212,Repair and maintenance of,0.004469847388577606
310,329999,Sub-contracted operations,0.004436710693705174
311,323099,Sub-contracted operations,0.004434329091447188
312,293130,Parts of electrical ignit,0.004419682277460469
313,289332,Parts of machinery of HS ,0.004418878482456168
314,283059,Combine harvester-threshe,0.004408318381601538
315,243220,"Clad, cold-rolled narrow ",0.004396210724040108
316,265145,Instruments and apparatus,0.004393246133756305
317,383233,Secondary raw material of,0.0043913207662471965
318,236919,"Pipes of cement, concrete",0.00433231058967705
319,201651,"Polypropylene, in primary",0.00432065354418856
320,244223,Non-alloy aluminium wire ,0.004317727798982391
321,151213,"Watch straps, bands, brac",0.004297682317202607
322,302040,Parts of locomotives or r,0.004232638082941433
323,221950,Adhesive tape of rubberis,0.00422483309329552
324,310312,Mattresses of cellular ru,0.004223904535423218
325,259923,Base metal fittings for l,0.004214144744064157
326,261199,Sub-contracted operations,0.004180504237248586
327,262015,Other digital automatic d,0.004144699899091955
328,201654,"Polyamide -6, -11, -12, -",0.0041428133583156996
329,201224,Pigments and preparations,0.004124669808584958
330,244424,Copper and copper alloy p,0.004124103019002378
331,161012,"Wood, sawn or chipped len",0.004114057324202977
332,310020,"Parts of furniture, of me",0.004107052029502403
333,139212,Bed linen of knitted or c,0.004106270789408586
334,268014,Cards incorporating a mag,0.004076326765504835
335,201655,Urea resins and thiourea ,0.004074369533107961
336,282212,Winches and capstans (exc,0.0040620270256367915
337,132046,Woven fabrics of glass fi,0.004062027025636791
338,241034,Hot-rolled flat products ,0.004062027025636791
339,141221,Women’s or girls’ ensembl,0.004037562670914673
340,331221,Repair and maintenance se,0.003990189433951034
341,222299,Sub-contracted operations,0.003988548905884864
342,141931,"Gloves, mittens and mitts",0.003988202574729896
343,161025,"Wood in chips, particles,",0.003975338855289077
344,310914,Furniture of plastics (ex,0.0039469459286352124
345,273212,Insulated coaxial cables ,0.0039178551939598304
346,241032,Flat-rolled products of i,0.003915217544395548
347,241031,Flat-rolled products of i,0.0038962775192288536
348,351110,"Electricity, combined and",0.0038943692674021256
349,284922,Jigs and fixtures for spe,0.0038618955988429823
350,221999,Sub-contracted operations,0.003861859487137989
351,139999,Sub-contracted operations,0.0038508962688531554
352,265224,Time-registers and time-r,0.0037962099484226916
353,274041,Parts for electric filame,0.0037587174499712837
354,332029,Installation of engines a,0.0037365010007299163
355,141911,Babies’ garments and clot,0.003683495997990234
356,252112,Boilers for central heati,0.003668684796404613
357,259112,"Tanks, casks, drums, cans",0.0036677459654539265
358,282321,Office machines,0.003591765002774319
359,274099,Sub-contracted operations,0.003588015732749917
360,141299,Sub-contracted operations,0.00357129676547431
361,141411,"Men's or boys' shirts, kn",0.0035621653012718186
362,281142,Parts suitable for use so,0.0035500804646202227
363,261220,Network communications eq,0.0035252081586176227
364,262022,"Solid-state, non-volatile",0.0035252081586176222
365,141943,Other headgear (except he,0.0035162764232381503
366,257213,Base metal clasps and fra,0.0034840901165295837
367,331112,Repair and maintenance of,0.003476749057268948
368,222312,"Plastic baths, shower-bat",0.0034563010909539633
369,256112,Plastic coating of metals,0.0034328314362186245
370,281321,Rotary piston vacuum pump,0.003418559662971998
371,289940,Parts of printing and boo,0.003395362474123584
372,222199,Sub-contracted operations,0.003239159409250444
373,141110,Articles of apparel of le,0.0032372589080944584
374,151299,Sub-contracted operations,0.0032155222116135567
375,331419,Repair and maintenance of,0.0032026241782564624
376,139412,Made-up fishing nets from,0.0031902674444062107
377,267024,Rangefinders,0.0031637409067846703
378,329911,"Protective gloves, mitten",0.00314428436591273
379,264041,Microphones and their sta,0.003135211421567454
380,141913,"Gloves, mittens and mitts",0.0031235659516369303
381,283032,Scarifiers and cultivator,0.003114373188342626
382,289317,Bakery machinery (excl. o,0.0031107103589349022
383,259999,Sub-contracted operations,0.003107594194882998
384,273111,Optical fibre cables made,0.0030862100667832285
385,329954,"Candles, tapers and the l",0.0030587638776814518
386,329112,Tooth brushes,0.003054808192160691
387,205956,Pickling preparations for,0.0030515037005682953
388,265120,Radar apparatus,0.0030415487849267064
389,310991,Finishing services of new,0.0030230144179426424
390,152031,Footwear (including water,0.003019953416652697
391,241035,"Flat-rolled products, of ",0.003003355424047433
392,204299,Sub-contracted operations,0.0029557134451877855
393,353011,Heat water or steam heat ,0.0029536235066319463
394,331222,Repair and maintenance se,0.0029126817395620833
395,251299,Sub-contracted operations,0.002912225669916248
396,152014,Slippers and other indoor,0.002908288154902878
397,172299,Sub-contracted operations,0.0029045614856509174
398,324099,Sub-contracted operations,0.002901684931979895
399,273112,Optical fibres and optica,0.002886297951868105
400,279053,Variable capacitors (incl,0.0028862979518681046
401,267021,"Prisms, mirrors and other",0.0028862979518681046
402,231926,Signalling glassware and ,0.002886153009738997
403,352310,Household gas tariff (to ,0.0028779048926915337
404,324012,Toys representing animals,0.002875429475214175
405,152040,Leather uppers and parts ,0.002869758524982014
406,331411,Repair and maintenance of,0.0028678787992925795
407,151211,Saddlery and harness for ,0.0028574373433208804
408,257113,"Paper knives, letter open",0.002851165583106387
409,139420,"Rags, scrap twine, cordag",0.0028492957177377208
410,204132,Surface-active preparatio,0.00283488972488755
411,329913,Indian ink drawing pens; ,0.0028330792048913258
412,162912,Tableware and kitchenware,0.0028330792048913245
413,139613,"Rubber thread and cord, t",0.002833079204891324
414,322015,Percussion musical instru,0.002833079204891324
415,234399,Sub-contracted operations,0.002832893170448686
416,281311,Pumps fitted or designed ,0.002808833776807451
417,383222,Secondary raw material of,0.0028039184023179366
418,264043,Telephonic and measuremen,0.0028009772658389737
419,351410,General electric price ta,0.002794195979281491
420,332039,Installation of other spe,0.0027909298558023744
421,172312,Envelopes of paper or pap,0.002767792360877276
422,259315,Base metal coated electro,0.002749379702354872
423,243120,"Bars and rods, of high-sp",0.002749379702354872
424,281525,Flywheels and pulleys (in,0.0027493797023548715
425,283054,Potato-diggers and potato,0.0027493797023548715
426,284121,Numerically controlled ho,0.0027493797023548715
427,259921,Armoured or reinforced sa,0.0027396085280580675
428,181320,Printing components,0.0027297751374303074
429,331224,Repair and maintenance of,0.0027254121885584206
430,282985,Parts of dish-washing mac,0.0027193809559639508
431,266012,Electro-cardiographs,0.0026958859579111405
432,309230,"Frames and forks, for bic",0.002672535920332219
433,257320,Hand saws (excluding hand,0.002669186438159944
434,324020,Toy trains and their acce,0.002619624659432776
435,275124,"Vacuum cleaners, includin",0.002614173021079301
436,141422,Men’s or boys’ underpants,0.002608727546572853
437,265144,Instruments and apparatus,0.002600329084857741
438,282211,Pulley tackle and hoists ,0.0025359917025960244
439,325013,"Syringes, with or without",0.0024999458828906633
440,262017,"Monitors and projectors, ",0.0024982080724411703
441,267011,"Mounted objective lenses,",0.00249820807244117
442,383211,Sorted metal materials re,0.0024908628672596165
443,293292,Assembly services of part,0.0024618202876391503
444,283060,Agricultural or horticult,0.002456897630270852
445,265151,"Thermometers, liquid-fill",0.002451903896041496
446,289620,Parts for machinery for w,0.0024459369343936554
447,267019,Flashlights (including  p,0.002421045522299743
448,231924,Glass parts for lamps and,0.002388248884666557
449,264031,"Turntables, record-player",0.0023882488846665565
450,273312,Lamp-holders for a voltag,0.0023882488846665565
451,274013,Filament lamps of a power,0.0023882488846665565
452,273211,Winding wire for electric,0.002388248884666556
453,274023,Non-electrical lamps and ,0.002388248884666556
454,283039,Agricultural... forestry ,0.0023347981862557243
455,281220,Parts of fluid power equi,0.002329842324830512
456,310999,Sub-contracted operations,0.0023109625255858354
457,256121,Heat treatment of metals ,0.0023035655055651917
458,293299,Sub-contracted operations,0.0022892010453033364
459,162399,Sub-contracted operations,0.002268269969132628
460,255012,Drop forged (and precisio,0.0022503921710982974
461,161011,Spruce wood (Picea abies ,0.002235204809740828
462,262014,Digital data processing m,0.002229538757565682
463,222212,Plastic sacks and bags (i,0.0022279688660857854
464,310011,Swivel seats with variabl,0.0021958584700885538
465,275121,Vacuum cleaners with a se,0.0021874824073532706
466,161099,Sub-contracted operations,0.0021716016590669373
467,310111,Metal furniture for offic,0.0021217050055016744
468,203011,"Paints and varnishes, bas",0.0021007864496452437
469,203022,Oil paints and varnishes ,0.0020565572608034046
470,259912,"Table, kitchen or househo",0.0020522442189131957
471,141414,Women’s or girls’ briefs ,0.0020441591044335315
472,289452,Parts for household or la,0.0020441326696014808
473,279099,Sub-contracted operations,0.00204015231034782
474,282514,Machinery and apparatus f,0.002016015841101542
475,162320,Prefabricated buildings o,0.002013302124895274
476,332050,Installation of electric ,0.002006558555211281
477,289512,Parts of machinery for ma,0.0019328482730603023
478,281420,"Parts for taps, cocks, va",0.0019325357696848623
479,141921,Babies clothing and acces,0.0019122951361053744
480,265112,Theodolites and tachymetr,0.0019064337670274805
481,222910,Plastic articles of appar,0.0019015742432292788
482,252113,Parts of boilers for cent,0.0018851059574109875
483,268013,"Other recording media, in",0.0018834819304769717
484,282943,Automatic goods-vending m,0.0018825707726311813
485,275211,Iron or steel gas domesti,0.0018402461116251568
486,331225,Repair and maintenance of,0.0018197583004418718
487,161039,"Other wood in the rough, ",0.0018128408405614716
488,289610,Injection-moulding machin,0.0018072196505527268
489,282921,Machinery for cleaning or,0.0017835858008387064
490,172211,Toilet paper,0.0017483811536326548
491,310091,Upholstering services of ,0.0017410570632961347
492,310299,Sub-contracted operations,0.0017366983520690808
493,201113,Liquid air; compressed ai,0.0017251866706397066
494,324042,Articles and accessories ,0.0017058459954160943
495,141322,Men’s or boys’ suits & en,0.0017044653762330049
496,325030,"Dentists’, barbers’ or si",0.0017024852312023807
497,282999,Sub-contracted operations,0.001691188908350991
498,289999,Sub-contracted operations,0.001667087312536866
499,275220,Iron or steel parts of st,0.0016450374522683435
500,331119,Repair and maintenance of,0.0016197659546190592
501,201352,Distilled and conductivit,0.0016188179512769622
502,181310,"Composition, plate-making",0.001611663064044836
503,261291,Services connected with p,0.0016061967590374911
504,252999,Sub-contracted operations,0.0015902314321299394
505,310099,Sub-contracted operations,0.0015706134479967384
506,329199,Sub-contracted operations,0.0015697189747309282
507,275212,Iron or steel gas domesti,0.0015618179501469234
508,274080,Assembly of lighting devi,0.001559101124499966
509,141412,Men’s or boys’ underpants,0.0015507441128216474
510,331218,Repair and maintenance of,0.0015409172529365753
511,331211,Repair and maintenance of,0.0015335042821272634
512,236410,Factory made mortars,0.0014946516739599658
513,309240,Baby carriages,0.0014943386752753896
514,201341,"Sulphides of calcium, of ",0.001483315423688757
515,141932,Garments made up of felt ,0.001475362620955225
516,282310,Accounting machines and s,0.0014677063157741183
517,324011,Dolls representing only h,0.0014377739316350708
518,275113,Cloth washing and drying ,0.0014365394103024068
519,139616,Textile hosepiping and si,0.0014286001093290353
520,289451,Parts and accessories of ,0.0014195444274243997
521,273299,Sub-contracted operations,0.0014195438862533065
522,279082,Parts of electrical resis,0.0014150135137209583
523,263050,Electrical burglar or fir,0.0014150135137209583
524,331711,Repair and maintenance of,0.0014123184082968677
525,271299,Sub-contracted operations,0.0013848172582257424
526,351310,Distribution services of ,0.0013572651555203187
527,161091,Treatment; impregnation a,0.0013481999710181786
528,245310,Light metal castings for ,0.0013419501603363375
529,252912,Containers for compressed,0.0013410769945357795
530,292040,"Reconditioning, assembly,",0.0013346189338792982
531,244311,Refined unwrought lead (e,0.0013268663827950954
532,272022,"Electric accumulators, in",0.001326866382795095
533,272024,Parts of electric accumul,0.001326866382795095
534,283099,Sub-contracted operations,0.0013239873434059987
535,293121,Sparking plugs,0.0013146098298038558
536,263022,Telephones for cellular n,0.0012950438439575747
537,265163,Gas supply or production ,0.001290986638408657
538,289240,"Sorting, screening, separ",0.0012904329928629691
539,257299,Sub-contracted operations,0.001267124120976711
540,201657,"Silicones, in primary for",0.0012529392102767652
541,264020,Tuner blocks for CTV/VCR ,0.0012469872087993196
542,141332,Women’s or girls’ suits &,0.0012419313224457493
543,282513,Refrigerated show-cases a,0.0012220163271062046
544,264042,Single loudspeakers mount,0.001218946868871375
545,265111,Direction finding compass,0.0012189468688713749
546,281412,"Mixing valves for sinks, ",0.0012044321189762191
547,264033,Video camera recorders,0.0012017374263097412
548,262018,"Multifunctional devices, ",0.0012017374263097412
549,263011,Transmission apparatus fo,0.0012017374263097408
550,263012,Transmission apparatus fo,0.0012017374263097408
551,222925,Office or school supplies,0.0011974180646418492
552,152099,Sub-contracted operations,0.001180525913443973
553,141424,Women’s or girls’ nightdr,0.0011607992915068765
554,353012,Steam and hot water suppl,0.001160436578460842
555,283070,Self-loading or unloading,0.0011584952326458944
556,162312,Shuttering for concrete c,0.0011515185099445749
557,282214,Overhead travelling crane,0.0011433086234245212
558,236112,Prefabricated structural ,0.001108236526446779
559,332035,Installation of machinery,0.0010876351610578006
560,139617,Narrow woven fabrics othe,0.0010846095743710998
561,289299,Sub-contracted operations,0.0010793900342099382
562,284924,Parts and accessories for,0.0010692530282540183
563,282114,Parts for furnace burners,0.0010643951463138797
564,331510,Repair and maintenance se,0.0010578492783544012
565,289262,Parts of machinery of HS ,0.0010566766981809491
566,251121,Iron or steel bridges and,0.0010369197890074077
567,289334,Parts of machinery of HS ,0.001035266300352173
568,264052,Parts of radio receivers ,0.0010313708682706054
569,360020,Treatment and distributio,0.001027142570104661
570,332012,Installation services of ,0.0010136879101746688
571,162915,Pellets of pressed and ag,0.001003739277621197
572,201653,"Polymethyl methacrylate, ",0.0010035405852784087
573,274015,Fluorescent hot cathode d,0.0009985433105059666
574,141999,Sub-contracted operations,0.000995076926205132
575,203012,"Paints and varnishes, bas",0.0009900961709096243
576,282113,Electric bakery and biscu,0.000947414135189368
577,205959,Ion-exchangers; getters f,0.0009431252808953147
578,332060,Design and assembly of in,0.0009386947590158886
579,284124,Broaching machines for wo,0.0009333401095292138
580,244110,"Silver, unwrought or in p",0.0009296104042156958
581,283083,Machinery for preparing a,0.0009249702748477002
582,162499,Sub-contracted operations,0.0009241668559114466
583,201610,Linear polyethylene havin,0.0009228524705667499
584,241041,Uncoated cold-rolled shee,0.0009156174349784584
585,284921,"Arbors, collets and sleev",0.0009103557843683196
586,289313,Machinery used in the mil,0.0009017760670264946
587,259212,Aluminium collapsible tub,0.0008811523485196439
588,329959,Articles of gut (excludin,0.000880744305515246
589,275122,"Shavers, hair-removing ap",0.0008770438234407701
590,331213,Repair and maintenance se,0.0008764838214278337
591,139119,Knitted or crocheted fabr,0.0008756142420323183
592,282220,"Buckets, shovels, grabs a",0.0008686919849912085
593,265186,Parts and accessories of ,0.0008675629828493598
594,259960,Chain glove and a defende,0.0008675629828493598
595,222311,Floor coverings in rolls ,0.0008662866904462018
596,234912,Other ceramic articles of,0.0008520271990316776
597,284912,Multi-purpose machines wh,0.0008450066047822298
598,283034,Distributors for mineral ,0.0008419988400520443
599,383225,Secondary raw material of,0.0008418481651783034
600,236310,Ready-mixed concrete,0.0008414808200746054
601,172314,Other paper and paperboar,0.000834079553236736
602,263099,Sub-contracted operations,0.0008142145566027835
603,222980,Plastic is connected to t,0.0008054754597877666
604,284923,Dividing heads and other ,0.0008011403399514267
605,243311,"Cold-formed sections, obt",0.0007948656262268994
606,139510,Non-wovens of a weight ≤ ,0.0007895684326000353
607,329942,"Ferro-cerium, pyrophoric ",0.0007837413499212438
608,204219,Soap and organic surface-,0.0007669220458559692
609,331719,Repair and maintenance se,0.0007541558197634775
610,360011,Drinking water,0.0007528170817195793
611,332011,Installation services of ,0.0007484651397173887
612,283031,Ploughs,0.0007462426325884587
613,309910,Vehicles not mechanically,0.0007407779969563511
614,274024,"Illuminated signs, illumi",0.0007379127344991579
615,141425,Brassieres,0.0007346759626725644
616,289314,"Presses, crushers and sim",0.0007247407860172956
617,289312,Dairy machinery (includin,0.0007221415045662956
618,281327,Rotary displacement compr,0.0007171361122274523
619,331217,Repair and maintenance se,0.0007133356419141836
620,383232,Secondary raw material of,0.0007123748797756314
621,292099,Sub-contracted operations,0.0007014633662611913
622,275129,Electric heating resistor,0.0006993852692626678
623,271124,Multi-phase AC motors of ,0.0006862482309025234
624,301150,Other floating structures,0.0006826254940176641
625,329941,Cigarette lighters and ot,0.0006765783748412664
626,222320,"Prefabricated buildings, ",0.0006703785170030604
627,274011,Sealed beam lamp units,0.000669409398815931
628,281131,Parts for steam turbines ,0.0006685848466898618
629,332070,Installation of industria,0.0006657025969637714
630,275128,Domestic electric cookers,0.0006649756574271187
631,241099,Sub-contracted operations,0.0006566288362756606
632,331113,Repair and maintenance se,0.0006224318679902387
633,331312,Repair and maintenance of,0.0006161686656169343
634,282986,Parts of machinery and ap,0.0006128279797680236
635,202011,Insecticides,0.0006086009107025282
636,262091,Computers and peripheral ,0.0006079723083742145
637,325021,Mechano-therapy appliance,0.0006037666293254945
638,253011,Watertube boilers (exclud,0.0006020504473749529
639,323013,"Water-skis, surfboards, s",0.0006015841321679086
640,107111,Fresh bread containing by,0.0006011765753002559
641,309120,Parts and accessories of ,0.0005877514504706128
642,303050,Seats for aircraft; parts,0.0005869787131836355
643,301219,Motor boats and motor yac,0.0005853860833454265
644,283086,Forestry machinery,0.0005821042475598209
645,352210,Distribution services of ,0.0005820787666564758
646,259911,Stainless steel sinks and,0.0005801317064416783
647,329916,Slates and boards with wr,0.0005769403562973619
648,352110,"Coal gas, water gas, prod",0.0005746553576657362
649,232012,Refractory ceramic constr,0.0005711462116761345
650,81213,Mixtures of slag and simi,0.00057086418815736
651,241023,Flat semi-finished produc,0.0005708641881573597
652,139199,Sub-contracted operations,0.0005630511451517879
653,360012,Non-drinking water,0.0005627541431178361
654,139599,Sub-contracted operations,0.0005611895349353937
655,201630,"Polyvinyl chloride, not m",0.0005603096090823639
656,275123,Electric hair dryers,0.0005599584624219014
657,274021,Portable electric lamps w,0.0005599584624219013
658,272023,Hermetically sealed nicke,0.0005599269460850063
659,282216,Electrically operated lif,0.0005548721695907957
660,265165,Hydraulic or pneumatic au,0.0005541745725342736
661,152013,Footwear with a wooden ba,0.0005508677786716335
662,162210,Assembled parquet panels ,0.0005507786597166651
663,243399,Sub-contracted operations,0.0005473050383990061
664,331319,Repair and maintenance se,0.0005440494448252333
665,279013,Carbon electrodes for fur,0.0005281598818707526
666,279045,Particle accelerators,0.0005279526867211247
667,107112,Cake and pastry products;,0.000523671638132164
668,267025,Parts and accessories (in,0.0005200815549607346
669,244225,Aluminium foil of a thick,0.0005156902083650332
670,331214,Repair and maintenance of,0.0005147132569556376
671,172111,Corrugated paper and pape,0.000512430918317521
672,234113,Statuettes and other orna,0.0005028238564478773
673,282932,Personal weighing machine,0.000502317760579275
674,259199,Sub-contracted operations,0.0005019818125713834
675,101315,Prepared or preserved goo,0.0004981402499445842
676,241062,Hot-rolled concrete reinf,0.0004965251936093706
677,273319,Pipe-line fittings,0.0004902940395716631
678,274022,"Electric table, desk, bed",0.0004894101695903262
679,282215,Self-propelled works truc,0.00048727080101716394
680,289333,Parts for machinery for t,0.0004783525490530689
681,204143,"Polishes, creams and simi",0.0004736570826476786
682,132020,"Woven fabrics of cotton, ",0.0004700726863589251
683,284122,Numerically controlled kn,0.00046725357937532175
684,244211,Unwrought non-alloy alumi,0.00046548492217350634
685,132033,Woven fabrics of artifici,0.00046486839988468326
686,265131,Balances of a sensitivity,0.0004639283214887675
687,282941,Centrifuges (excluding cr,0.0004609505779956765
688,293199,Sub-contracted operations,0.00045693335490092774
689,331610,Repair and maintenance of,0.0004563122372440067
690,383112,Dismantling services of u,0.00045452737242656467
691,107219,Matzos,0.0004545073307513273
692,206014,Polypropylene monofilamen,0.00045078630252008575
693,271122,Single-phase AC motors of,0.00044902771660404207
694,291044,Chassis fitted with engin,0.0004436045310087295
695,245230,Tube or pipe fittings of ,0.0004390021185142242
696,331223,Repair and maintenance of,0.0004387137935625488
697,108223,Chewing gum,0.0004351811937681043
698,205952,Composite diagnostic or l,0.0004339750609868637
699,212013,Medicaments of alkaloids ,0.00042906696937612947
700,310199,Sub-contracted operations,0.00042371577788101727
701,283094,Parts for milking machine,0.00042345130114701556
702,324032,Puzzles,0.0004173390029572377
703,255020,Products of steel powder ,0.00041520606423045607
704,205954,Activated carbon,0.00041520606423045607
705,244499,Sub-contracted operations,0.00041520606423045607
706,239914,"Artificial graphite, coll",0.000415206064230456
707,282299,Sub-contracted operations,0.000411665255145697
708,204141,Preparations for perfumin,0.0004093964182677405
709,383235,Secondary raw material of,0.00040939373075705684
710,139223,Parachutes and rotochutes,0.00040696234075847967
711,236111,Building blocks and brick,0.0004055501226869727
712,192029,Motor oil,0.00040135639526426344
713,271125,Multi-phase AC traction m,0.0003924753648645222
714,139111,"Pile fabrics, terry fabri",0.00039031810095571337
715,302099,Sub-contracted operations,0.00038866703381181233
716,162999,Sub-contracted operations,0.000386525665657322
717,266091,Medical instrument manufa,0.0003856047850766338
718,289931,"Dryers for wood, paper pu",0.0003854740418094332
719,284999,Sub-contracted operations,0.00038064713503509526
720,291023,Motor vehicles with only ,0.0003781085106085091
721,291022,Motor vehicles with only ,0.000375715543757561
722,323011,"Skis, for winter sports",0.0003718910968131386
723,304010,Motorised tanks and other,0.00036977054081476456
724,162112,"Particle board, of wood",0.00036933862207551884
725,383239,Other non-metal secondary,0.00036853413914186096
726,171299,Sub-contracted operations,0.00036843592117461095
727,253013,Parts of vapour generatin,0.00036637569199455996
728,267013,Digital cameras,0.00036459527578695306
729,289111,"Converters, ladles, ingot",0.000363900568033726
730,231411,Glass fibre threads cut i,0.000363395169266871
731,282939,Other weighing machinery,0.00035843783108664045
732,310013,"Other seats, of HS 9401, ",0.00035313309775403506
733,282960,Cooling towers and simila,0.00035290466851828643
734,289212,Self-propelled coal or ro,0.0003529046685182864
735,283051,Motor mowers (excluding f,0.0003520516544616624
736,325022,Artificial joints,0.00035187189393475117
737,271121,Universal AC/DC motors of,0.0003515495210661506
738,325099,Sub-contracted operations,0.0003477882718985636
739,241052,Flat-rolled products of a,0.0003458788643505161
740,252111,Radiators for central hea,0.0003453972587669865
741,282520,Fans of a kind used solel,0.00034276976304000004
742,309210,Bicycles and other cycles,0.00033816425944958856
743,254011,"Military weapons, other t",0.0003371771358581157
744,289316,Dryers for the treatment ,0.00033696186900404455
745,108919,Caramel,0.00033587273007527636
746,271232,"Boards, cabinets and simi",0.00033483812101345865
747,259211,Cans used for preserving ,0.0003343080393413113
748,201321,Chlorine,0.0003338385137972725
749,283052,Hay-making machinery,0.0003329430499131895
750,139699,Sub-contracted operations,0.00033253954724254156
751,81211,Silica sands (quartz sand,0.00032886552751729186
752,204217,Hair preparations (exclud,0.0003286284211992665
753,383231,Secondary raw material of,0.0003281315344116426
754,204216,Shampoos,0.0003275078668299087
755,332032,Installation services of ,0.0003263325257666419
756,204215,"Beauty, make-up and skin ",0.0003262025804974943
757,205942,Anti-knock preparations,0.000325516118724147
758,253012,Auxiliary plant for use w,0.00032336464259432
759,284911,Sawing machines for worki,0.00032202192373254876
760,205999,Sub-contracted operations,0.0003204466297141101
761,257199,Sub-contracted operations,0.00031757774416230864
762,109110,Premixtures for farm anim,0.0003148485082697693
763,301191,Conversion and reconstruc,0.00031310177308343135
764,201510,Nitric acid; sulphonitric,0.0003091788605171902
765,245199,Sub-contracted operations,0.0003078302621525236
766,201441,Methylamine; di- or trime,0.00030642985812115615
767,205955,"Finishing agents, etc., w",0.00030621687519254674
768,152021,Sports footwear with rubb,0.0003042915168558324
769,201325,Sodium hydroxide (caustic,0.00030358477492507113
770,282911,Producer gas or water gas,0.0002990627217517348
771,282112,Non-electric furnaces and,0.0002984881539812349
772,266013,Ultraviolet or infrared a,0.00029475849452967394
773,281132,Parts for hydraulic turbi,0.0002909686458456611
774,281112,Spark ignition reciprocat,0.00028908930539666523
775,245113,Grey iron castings for la,0.00028714644613713494
776,131082,Yarn (other than sewing t,0.0002860006401742174
777,201463,Acyclic ethers and their ,0.0002847691457307199
778,271143,"Transformers, n.e.c., hav",0.0002847114513887325
779,275199,Sub-contracted operations,0.0002813765991807602
780,284199,Sub-contracted operations,0.0002769156433066257
781,221960,Articles of apparel and c,0.0002761783664848509
782,171242,Sulphite wrapping paper i,0.0002750148119445494
783,202019,Rodenticides and other pl,0.000274494187007949
784,206012,High-tenacity filament ya,0.000273027934378628
785,289932,"Roundabouts, swings, shoo",0.000273027934378628
786,202015,"Inorganic fungicides, bac",0.00027132065882014815
787,201710,Synthetic latex rubber,0.0002696711876723529
788,141499,Sub-contracted operations,0.00026878651052057164
789,81130,Chalk,0.000268026697133095
790,261191,Services connected with m,0.00026772467780103996
791,110719,"Waters, with added sugar,",0.0002664695369324799
792,241074,Sheet piling (of steel),0.0002654003571274267
793,332042,Installation services of ,0.00026440440969541446
794,139911,Tulles and other net fabr,0.00026315803763304527
795,265141,Instruments and apparatus,0.0002614590722611855
796,383212,Sorted non-metal material,0.00026127416602269134
797,204213,Manicure or pedicure prep,0.000259970860926822
798,282421,Parts for chainsaws and o,0.0002562614265983268
799,201432,Ethyl acetate,0.00025546960156481877
800,242023,"Tubes and pipes, welded, ",0.0002547923213552762
801,289331,"Parts for presses, crushe",0.0002516618116832024
802,281213,Hydraulic pumps (piston),0.00025067703622393107
803,289951,Parts and accessories of ,0.00024880198845411656
804,275111,Combined refrigerators-fr,0.0002484382939622007
805,292022,Trailers and semi-trailer,0.00024779793262809537
806,303016,Parts of turbo-jets or tu,0.00024396974334797638
807,110510,Beer made from malt (excl,0.00024341924393254382
808,383234,Secondary raw material of,0.00024337573928007213
809,162199,Sub-contracted operations,0.00024261574244476727
810,201111,Argon,0.00024213110079967989
811,293210,Seats for motor vehicles,0.00024128569982792886
812,171279,Multi-ply paper and paper,0.0002390148175066876
813,275125,Electric instantaneous wa,0.00023759480290247927
814,275214,Non-electric instantaneou,0.00023759480290247927
815,201422,Methanol (methyl alcohol),0.00023678989803881646
816,201462,Acetone,0.00023678989803881646
817,332031,Installation of agricultu,0.00023626684241849155
818,131071,"Flax yarn, n.p.r.s.",0.00023596239240271223
819,284132,Numerically controlled pu,0.00023520217543001345
820,205310,Essential oils,0.00023393793554917183
821,204120,Anionic organic surface-a,0.00023254952900577256
822,204218,Dentifrices (including to,0.000229502047820769
823,205930,Inks (excluding printing ,0.00022871949607497965
824,107211,Crispbread,0.00022735186499813086
825,283033,"Seeders, planters and tra",0.00022690258292194047
826,171277,"Tarred, bituminised or as",0.00022608311230071403
827,212023,Blood-grouping reagents,0.00022596681554998903
828,232013,"Refractory cements, morta",0.00022585699450760152
829,282199,Sub-contracted operations,0.00022583524676756143
830,261140,Pick-up cartridges for di,0.00022284986267242339
831,201656,"Amino resins, in primary ",0.000220618293220778
832,108222,"Filled chocolate blocks, ",0.0002202303744431405
833,253099,Sub-contracted operations,0.00021887995077258266
834,201444,"Diazo-, azo- or azoxy-com",0.000217317360516251
835,324031,Wheeled toys designed to ,0.00021662614744415208
836,106133,"Rolled, flaked, hulled, p",0.00021599524284559343
837,212011,Medicaments containing pe,0.00021594695937719556
838,107311,"Uncooked pasta, containin",0.0002152445192980071
839,106122,Cereal flours (excluding ,0.00021441525256275153
840,221971,Sheath contraceptives,0.00021358854492470013
841,383223,Secondary raw material of,0.00021147455635857766
842,106121,Wheat or meslin flour,0.00020905154992575213
843,221910,Reclaimed rubber in prima,0.00020611830170340562
844,281399,Sub-contracted operations,0.00020543362854638409
845,201324,Hydrogen chloride (hydroc,0.0002024592604933332
846,108315,Herbal Infusions,0.00020116519199561654
847,201580,Animal or vegetable ferti,0.00020050421112561493
848,162412,"Casks, barrels, vats, tub",0.00019991669193843945
849,331228,Repair and maintenance se,0.0001984609325248949
850,302091,Reconditioning of railway,0.00019778235900816323
851,201411,Saturated acyclic hydroca,0.00019613344737624407
852,284112,Horizontal machining cent,0.00019450923699440017
853,231212,Toughened (tempered) safe,0.00019329031789952996
854,232014,Articles of stone or othe,0.00019250550057306186
855,252199,Sub-contracted operations,0.0001916289960220293
856,291099,Sub-contracted operations,0.0001897284306593038
857,110711,Mineral waters and aerate,0.00018970801291601864
858,243320,Cold-profiled (ribbed) sh,0.00018932078206773713
859,329923,"Press-fasteners, snap-fas",0.00018915937549604292
860,284913,Drilling machines for wor,0.00018864530881930287
861,244312,Unwrought non-alloy zinc ,0.000188629275479113
862,131085,Sewing thread of man-made,0.00018659941608703028
863,131081,Multiple or cabled synthe,0.00018647986313735358
864,131040,"Silk yarn, n.p.r.s. (excl",0.00018647986313735358
865,131050,Yarn of carded wool or fi,0.00018647986313735358
866,131062,Cotton sewing thread,0.00018647986313735358
867,131083,Yarn containing < 85 % by,0.00018647986313735356
868,131061,"Yarn of uncombed cotton, ",0.00018647986313735356
869,106132,"Groats and meal of oats, ",0.00018631332002646818
870,329951,Articles for Christmas fe,0.0001847617549846151
871,172311,"Carbon paper, self-copy p",0.0001833204512599373
872,271141,Liquid dielectric transfo,0.00018282624281060626
873,236511,"Panels, boards, tiles, bl",0.0001812488574869258
874,143110,"Panty hose and tights, of",0.00018017100059959562
875,233211,Non-refractory clay build,0.0001799857366378365
876,233212,Non-refractory clay roofi,0.00017995596305530999
877,243330,"Structures, solely or pri",0.00017704080278882985
878,201332,Hypochlorites; commercial,0.0001770094607273716
879,309299,Sub-contracted operations,0.00017313082329448122
880,332034,Installation of machinery,0.00017265478535253938
881,204144,Scouring pastes and powde,0.00017110761388617284
882,101314,Liver sausages and simila,0.0001704904036679939
883,181110,"Printed newspapers, journ",0.00017030186516250013
884,275299,Sub-contracted operations,0.00016984432793403832
885,101250,Prepared skins of birds w,0.00016937098667517162
886,302033,Railway or tramway goods ,0.00016866636356682708
887,201620,"Expansible polystyrene, i",0.00016816244155498948
888,106124,Mixes and doughs for the ,0.0001677185345001672
889,239999,Sub-contracted operations,0.00016760222857705085
890,282499,Sub-contracted operations,0.00016760222857705085
891,103219,Unconcentrated juice of a,0.00016734496134269958
892,271199,Sub-contracted operations,0.0001666512258629621
893,242099,Sub-contracted operations,0.00016516090487857338
894,201474,Undenatured ethyl alcohol,0.00016382236862728654
895,272099,Sub-contracted operations,0.00016239049412098154
896,204211,Perfumes,0.0001621366757058016
897,181211,"Printed new stamps, stamp",0.00016053386451312415
898,162911,"Tools, tool bodies and ha",0.00016051334587353339
899,106131,Groats and meal of durum ,0.00016008605001955996
900,261299,Sub-contracted operations,0.0001587644735199958
901,108610,Homogenised preparations ,0.00015805731883162112
902,108519,Other prepared dishes and,0.00015645991017748597
903,101150,Pig fat free of lean meat,0.00015607949441602417
904,132012,Woven fabrics of carded w,0.00015585641268446931
905,107212,Gingerbread and the like,0.00015527503899954073
906,244299,Sub-contracted operations,0.00015397731989004167
907,201413,Chloromethane (methyl chl,0.0001530135125175406
908,201412,Cyclohexane,0.00015276390423001924
909,331227,Repair and maintenance of,0.00015197087761323637
910,120011,"Cigars, cheroots and ciga",0.00015007050487073068
911,120019,Smoking tobacco (excludin,0.00015007050487073068
912,201475,Denatured ethyl alcohol a,0.00014969072200427642
913,289911,Folding machines for book,0.00014928218369074256
914,104142,Flours and meals of oil s,0.0001484257116425561
915,106140,"Bran, sharps and other re",0.00014819719068289325
916,104157,Refined palm oil and its ,0.00014520988955795002
917,201423,Ethylene glycol (ethanedi,0.00014449045303747333
918,282970,Hand-held blow pipes for ,0.00014416362238664628
919,309999,Sub-contracted operations,0.00014355298877311037
920,104129,"Other vegetable oils, cru",0.00014343196824080753
921,254014,Parts and accessories for,0.0001429434925361096
922,103913,"Dried onions, whole, cut,",0.00014250444684873618
923,108213,"Cocoa powder, not contain",0.00014201978685886602
924,108214,"Cocoa powder, containing ",0.00014126140436444988
925,282512,Window or wall air condit,0.00014107063696784284
926,204214,"Powders, whether or not c",0.0001407579776617487
927,103923,Prepared or preserved gro,0.00013979517007991167
928,236299,Sub-contracted operations,0.00013957400537816203
929,202014,Disinfectants based on qu,0.00013944240907856002
930,108112,Refined white cane or bee,0.00013911928407386387
931,271132,Generating sets with spar,0.00013662100899710337
932,108312,Coffee substitutes contai,0.00013657893523769208
933,171220,Cellulose wadding for hou,0.0001363501482786782
934,101139,Edible offal of bovine an,0.00013580498719504807
935,204212,Lip make-up preparations,0.0001343571985896414
936,101112,Fresh or chilled carcases,0.00013424974402423832
937,106111,Husked (brown) rice,0.00013368244996012877
938,281312,Positive displacement rec,0.00013348028128099532
939,106213,Glucose and glucose syrup,0.0001333981975502407
940,201451,Thiocarbamates and dithio,0.00013296111475462956
941,152032,"Wooden footwear, miscella",0.00013283843401948103
942,103217,Mixtures of fruit and veg,0.0001327087364049016
943,201433,Acrylic acid and its salt,0.0001322080430748416
944,275213,Air heaters or hot air di,0.0001321195845320548
945,103216,Apple juice,0.00013180803508532177
946,266099,Sub-contracted operations,0.00012945239986742447
947,275126,Electric storage heating ,0.0001288821156037142
948,283040,Electric mowers for lawns,0.00012884200473606524
949,205951,Peptones and their deriva,0.00012744256380579637
950,106112,Semi-milled or wholly mil,0.00012678337155212015
951,282981,Parts for producer gas or,0.0001259928123086272
952,201331,Fluorides; fluorosilicate,0.0001244482458014222
953,231923,"Laboratory, hygienic or p",0.00012378278880441096
954,284111,Machine-tools for working,0.00012312374330899733
955,264012,Radio broadcast receivers,0.00012228922996585344
956,171214,"Graphic paper, paperboard",0.00012228574445711653
957,101311,"Hams, shoulders and cuts ",0.00012206957870868694
958,259399,Sub-contracted operations,0.00012190998827049264
959,201579,Fertilisers in tablets or,0.00012023502704696076
960,103929,Dried grapes,0.00012001267910671889
961,110110,Spirits obtained from dis,0.00011965311219093885
962,205953,Chemical elements doped f,0.00011819272071973069
963,104210,Margarine and reduced and,0.00011806355510385324
964,201434,Dibutyl and dioctyl ortho,0.00011796884099012278
965,204131,Soap and organic surface-,0.00011754614050424729
966,162118,"Other plywood, veneered p",0.0001172158610342489
967,321213,Articles of jewellery and,0.00011630936276329613
968,231112,"Non-wired sheets, of floa",0.00011607127499938946
969,239112,Natural or artificial abr,0.00011539232541460972
970,231991,Finishing services of oth,0.00011539232541460972
971,325041,Contact lenses,0.0001153887023200016
972,131092,Garnetted stock and other,0.00011534531690861827
973,108224,"Drained, glace or crystal",0.00011490134564705602
974,139499,Sub-contracted operations,0.00011427505476137816
975,282599,Sub-contracted operations,0.00011389845471474424
976,203024,Black printing inks,0.00011360113164709261
977,107312,Couscous,0.00011012180510197472
978,108430,Salt suitable for human c,0.00011012180510197472
979,108111,Raw cane and beet sugar i,0.00011012180510197471
980,103925,"Groundnuts and nuts, shel",0.00011012180510197471
981,201414,Derivatives of hydrocarbo,0.00010993500935084945
982,201442,Monoethanolamine and its ,0.00010961658978294803
983,281599,Sub-contracted operations,0.00010847451698333578
984,192023,White spirit,0.00010823011861413707
985,211031,Phenolphthalein; 1-Hydrox,0.0001078586551066944
986,108917,Dietary supplements (prod,0.0001058691725816117
987,245210,Steel castings for land v,0.0001056952181784646
988,254012,Revolvers and pistols (ex,0.0001052742604469576
989,273214,Insulated electric conduc,0.00010379785398034237
990,139615,Tyre cord fabrics of high,0.0001019358768682914
991,162913,Wood marquetry and inlaid,0.00010160102037497797
992,322013,"Keyboard pipe organs, har",9.988752593512011e-05
993,205957,Prepared binders for foun,9.983002421335223e-05
994,325012,"Medical, surgical or labo",9.966426075573696e-05
995,201452,"Tetrahydrofuran, 2-Furald",9.949954295074275e-05
996,231211,"Optical glass of HS 7003,",9.519668241500227e-05
997,108412,Soya sauce,9.452131923526498e-05
998,202012,Herbicides based on pheno,9.34044705120384e-05
999,212012,Medicaments containing in,9.32007883883219e-05
1000,202016,Goods of heading 3808 con,9.266533169480667e-05
1001,201659,"Petroleum resins, coumaro",9.167652955570518e-05
1002,201362,Cyanides; cyanide oxides ,9.134187485500283e-05
1003,331216,Repair and maintenance se,9.039876956992082e-05
1004,161023,"Wood, incl. strips and fr",8.980921411185191e-05
1005,52010,Brown cole,8.968125925164092e-05
1006,321110,Coins (money),8.918594094294892e-05
1007,91012,"Derrick erection, repair ",8.811897168422601e-05
1008,262099,Sub-contracted operations,8.737308198691436e-05
1009,212021,"Antisera, other immunolog",8.718898291886447e-05
1010,241014,"Granules and powders, of ",8.677293241676343e-05
1011,81222,Bentonite,8.649470626803362e-05
1012,192041,Petroleum jelly; paraffin,8.598665668006041e-05
1013,172411,Wallpaper and similar wal,8.532366705633921e-05
1014,244212,Aluminium oxide (excludin,8.376541534114602e-05
1015,360030,Trade services of water t,8.358046324069486e-05
1016,192042,Petroleum coke; petroleum,8.356221018178301e-05
1017,192025,Chemical industry petrol,8.34589840888214e-05
1018,152011,"Waterproof footwear, with",8.25847267736852e-05
1019,211020,"Lysine and its esters, an",8.24389958189158e-05
1020,289320,"Machines for cleaning, so",8.199775792999464e-05
1021,201419,Fluorinated; brominated o,8.052438752493717e-05
1022,139919,Powder-puffs and pads for,7.9987243111402e-05
1023,133019,Finishing of woven fabric,7.932984864644268e-05
1024,281299,Sub-contracted operations,7.787745550054665e-05
1025,162923,"Corks and stoppers, cylin",7.780545222795481e-05
1026,325050,Dental cements and other ,7.692867250517997e-05
1027,289499,Sub-contracted operations,7.634170366148953e-05
1028,236199,Sub-contracted operations,7.430893662132894e-05
1029,162114,Waferboard and similar bo,7.322745663939078e-05
1030,211053,Glycosides and vegetable ,7.192048258695604e-05
1031,281326,Reciprocating displacemen,7.097705626817456e-05
1032,161024,Wood wool; wood flour,6.967890605627912e-05
1033,101210,Fresh or chilled whole ch,6.945368715752492e-05
1034,236999,Sub-contracted operations,6.942464736631147e-05
1035,332021,Installation of office ma,6.897803445602232e-05
1036,242021,"Line pipe, of a kind used",6.828216180908562e-05
1037,242031,"Line pipe, of a kind used",6.828216180908562e-05
1038,243499,Sub-contracted operations,6.825233319221062e-05
1039,105140,Unripened or uncured chee,6.737241651157255e-05
1040,110599,Sub-contracted operations,6.577799805703797e-05
1041,131099,Sub-contracted operations,6.526189510940418e-05
1042,105111,Milk and cream of a fat c,6.505232431040056e-05
1043,108313,Tea in immediate packings,6.475764289147591e-05
1044,204199,Sub-contracted operations,6.372834464428614e-05
1045,301199,Sub-contracted operations,6.311643606834381e-05
1046,254013,Cartridges and other ammu,6.298239074023463e-05
1047,105130,Butter of a fat content b,6.284609817622923e-05
1048,282111,Furnace burners for liqui,6.254198753893205e-05
1049,283081,"Machines for cleaning, so",6.210990369664104e-05
1050,201443,Ureines and their derivat,6.0277122306457536e-05
1051,211051,"Provitamins and vitamins,",5.913692984708495e-05
1052,325011,"Dental drill engines, whe",5.913622357294611e-05
1053,101120,Edible offal of bovine an,5.837645604742663e-05
1054,241033,Hot-rolled flat products ,5.765538684127849e-05
1055,101111,Fresh or chilled carcases,5.7155262199486025e-05
1056,211052,"Hormones, prostaglandins,",5.7107226385656295e-05
1057,103917,"Preserved tomatoes, whole",5.7068197860194107e-05
1058,257114,Table flatware (excluding,5.578270554844855e-05
1059,289399,Sub-contracted operations,5.5582747415645716e-05
1060,101199,Sub-contracted operations,5.3910198531055464e-05
1061,162121,"Densified wood, in blocks",5.330593972955152e-05
1062,289511,Machinery for making pulp,5.3212739060404325e-05
1063,108314,"Extracts, essences and co",5.233140983148866e-05
1064,201535,Mixtures of ammonium nitr,5.2313982287804e-05
1065,201531,Urea containing > 45 % by,5.21594458372782e-05
1066,201533,Ammonium nitrate (excludi,5.20027813919446e-05
1067,201536,Mixtures of urea and ammo,5.20027813919446e-05
1068,201699,Sub-contracted operations,5.126031299662995e-05
1069,203099,Sub-contracted operations,5.0855232674658776e-05
1070,99019,Support services to other,5.0362445945996686e-05
1071,292050,Fitting out services of c,4.9990395405503615e-05
1072,322020,Parts and accessories of ,4.9945725859322427e-05
1073,105152,"Curdled milk, cream, yogu",4.958851624813561e-05
1074,131029,Other vegetable textile f,4.954613062741624e-05
1075,139915,Gimped yarn and gimped st,4.9425669610989644e-05
1076,171273,Coated bases for paper an,4.937474449386481e-05
1077,291041,Goods vehicles with a die,4.919421348607465e-05
1078,201464,"Other organic compounds, ",4.809966284637298e-05
1079,239913,Bituminous mixtures based,4.7391664297988295e-05
1080,162991,"Wood and cork, except fur",4.662845712568894e-05
1081,108113,Refined cane or beet suga,4.6402559469970244e-05
1082,108221,Chocolate and other food ,4.6212369934022215e-05
1083,105156,Products consisting of na,4.617874394710224e-05
1084,221113,New pneumatic rubber tyre,4.599425046622165e-05
1085,221199,Sub-contracted operations,4.529033363201574e-05
1086,108423,"Cinnamon (canella), proce",4.473907290809601e-05
1087,139311,Knotted carpets and other,4.469511880844502e-05
1088,331226,Repair and maintenance of,4.3737658730801675e-05
1089,109210,"Dog or cat food, p.r.s.",4.367200275306761e-05
1090,101132,Frozen carcases and half-,4.316194441137492e-05
1091,108422,"Chillies and peppers, dry",4.297446990328515e-05
1092,105210,Ice cream and other edibl,4.2416192299934435e-05
1093,201112,Carbon dioxide,4.1947226271771885e-05
1094,110212,White wine with a protect,4.134401312288904e-05
1095,211054,Antibiotics,4.090048213611465e-05
1096,329955,"Artificial flowers, folia",3.9301936105444295e-05
1097,162925,"Manufactures of straw, of",3.8142885209326604e-05
1098,104141,Oilcake and other solid r,3.795621787168117e-05
1099,108999,Sub-contracted operations,3.736951502734165e-05
1100,201424,Monophenols,3.7307014352253646e-05
1101,204142,Artificial and prepared w,3.7297970374320447e-05
1102,103922,"Citrus fruit jams, marmal",3.724941173418018e-05
1103,325023,Parts and accessories of ,3.723949637906273e-05
1104,161021,Coniferous wood continuou,3.705708503103291e-05
1105,81212,Gravel and pebbles of a k,3.67872332756632e-05
1106,62010,"Natural gas, liquefied or",3.6081362722086364e-05
1107,211010,Salicylic acid and its sa,3.561813861094831e-05
1108,103918,Vegetables (excluding pot,3.538562766102082e-05
1109,192021,Unleaded gasoline,3.5163325582735985e-05
1110,192024,Spirit type and kerosene ,3.516332558273598e-05
1111,192028,Fuel oils n.e.c.,3.516332558273598e-05
1112,192031,"Propane and butane, lique",3.516332558273598e-05
1113,192026,Gas oil to diesel engines,3.516332558273597e-05
1114,108913,Bakers’ yeast,3.48396227173807e-05
1115,105121,Skimmed milk powder (milk,3.463816031238613e-05
1116,81120,Gypsum and anhydrite,3.394784613464565e-05
1117,101160,"Guts, bladders and stomac",3.3629078015870544e-05
1118,267022,Binoculars (including nig,3.3102243370283543e-05
1119,236399,Sub-contracted operations,3.2597615084307346e-05
1120,303060,Reconditioning of civil a,3.229778795380003e-05
1121,321212,"Industrial diamonds, work",3.215568926603025e-05
1122,279043,Surge suppressors for a v,3.164913477785729e-05
1123,103921,Frozen fruit and nuts unc,3.163663280836142e-05
1124,171234,Recycled fluting and othe,3.1428190213501584e-05
1125,171235,Uncoated testliner (recyc,3.1428190213501584e-05
1126,171241,"Uncoated, unbleached sack",3.1416908172063626e-05
1127,171231,"Uncoated, unbleached kraf",3.141690817206362e-05
1128,171233,Semi-chemical fluting,3.141690817206362e-05
1129,233199,Sub-contracted operations,3.123986267301039e-05
1130,236499,Sub-contracted operations,3.123986267301039e-05
1131,105122,Whole milk powder or full,3.1226498498721694e-05
1132,321299,Sub-contracted operations,2.916024305751234e-05
1133,51010,"Hard cole (anthracite), h",2.9154657071141843e-05
1134,106199,Sub-contracted operations,2.8635545579124548e-05
1135,101220,Frozen whole chickens,2.859695732845015e-05
1136,143199,Sub-contracted operations,2.8359667562596514e-05
1137,206011,"Aramids staple, not carde",2.8062821459298407e-05
1138,105112,Milk and cream of a fat c,2.7933206396241683e-05
1139,383224,Secondary raw material of,2.764497316848037e-05
1140,289430,"Machinery for preparing, ",2.6844792086395306e-05
1141,103211,Tomato juice,2.6710820137417394e-05
1142,245410,Non-ferrous cast parts fo,2.6670369891286177e-05
1143,211032,Sulphonamides,2.6522052322138373e-05
1144,301211,Sailboats (except inflata,2.6162026786787714e-05
1145,101316,"Flours, meals and pellets",2.5351792763714028e-05
1146,108511,Prepared meals and dishes,2.5132159851330356e-05
1147,201571,Mineral or chemical ferti,2.4686555904096637e-05
1148,106211,Wheat starch,2.4520893342786927e-05
1149,234210,"Ceramic sinks, etc. and o",2.4168214892958056e-05
1150,108311,"Decaffeinated coffee, not",2.4133066289063534e-05
1151,235220,Plasters consisting of ca,2.3829212478725917e-05
1152,108514,Cooked or uncooked pasta ,2.3726362453812243e-05
1153,89929,Other minerals,2.350707809230225e-05
1154,103212,Frozen unconcentrated ora,2.3028104985108152e-05
1155,104199,Sub-contracted operations,2.297289636119346e-05
1156,265199,Sub-contracted operations,2.2920072559046127e-05
1157,234112,"Ceramic tableware, other ",2.2353503113858118e-05
1158,139313,Tufted carpets and other ,2.234885271141174e-05
1159,205399,Sub-contracted operations,2.2114305490590576e-05
1160,106123,Flour and meal of dried p,2.1757536154191514e-05
1161,162115,Medium density fibreboard,2.1193213944899664e-05
1162,104123,Crude sunflower-seed and ,2.1033412541702842e-05
1163,212024,Adhesive dressings or sim,2.0958052173853828e-05
1164,103911,Frozen vegetables and mix,2.0822309953333224e-05
1165,108421,"Pepper (piper spp.), proc",2.0739272293871566e-05
1166,243412,Stainless steel wire (exc,2.055642984344533e-05
1167,101240,Fresh or chilled fatty li,2.0505908311542663e-05
1168,236911,Articles of plaster or co,2.0505669829365925e-05
1169,106220,Residues of starch manufa,2.0178949247235787e-05
1170,104159,Other oils and their frac,2.0014093856370394e-05
1171,283053,"Straw or fodder balers, i",1.996373742751316e-05
1172,104154,Refined sunflower-seed an,1.949849539026428e-05
1173,143999,Sub-contracted operations,1.931164460479057e-05
1174,108911,Soups and broths and prep,1.919493509645188e-05
1175,201342,Nitrates of barium; of be,1.8883459028850096e-05
1176,110520,Brewing or distilling dre,1.8431425235235882e-05
1177,192099,Sub-contracted operations,1.8121416750260168e-05
1178,201499,Sub-contracted operations,1.8121416750260168e-05
1179,171111,"Chemical wood pulp, disso",1.8096174329091677e-05
1180,289699,Sub-contracted operations,1.7535200042665566e-05
1181,108513,Prepared meals and dishes,1.7385891855245167e-05
1182,283082,Milking machines,1.712417601105876e-05
1183,104124,"Crude rape, colza or must",1.7061143337268814e-05
1184,101142,Raw hides and skins of bo,1.7014831933024694e-05
1185,212022,Chemical contraceptive pr,1.6602569628577144e-05
1186,103111,"Frozen potatoes, uncooked",1.657533679847203e-05
1187,103213,Grapefruit juice,1.6463332726928198e-05
1188,105155,Whey and modified whey in,1.5999778409699295e-05
1189,108411,Wine vinegar,1.577703605662662e-05
1190,104156,"Refined rape, colza or mu",1.548807820994369e-05
1191,109199,Sub-contracted operations,1.5403701381335733e-05
1192,108120,"Beet-pulp, bagasse and ot",1.513521631228655e-05
1193,201461,Methanal (formaldehyde),1.5087776703898661e-05
1194,108212,"Cocoa butter, fat and oil",1.496804030639369e-05
1195,203023,"Artists’, students’, or s",1.496804030639369e-05
1196,120099,Sub-contracted operations,1.4963325697207423e-05
1197,103916,"Peas, preserved otherwise",1.4748453255967076e-05
1198,205960,Caseinates and other case,1.4512465969694066e-05
1199,201343,Disodium carbonate,1.4512465969694066e-05
1200,231313,Table or kitchen glasswar,1.4212437046575666e-05
1201,222399,Sub-contracted operations,1.3835121553411556e-05
1202,103114,Potatoes prepared or pres,1.380276135650658e-05
1203,110211,Champagne (important: exc,1.361981800977481e-05
1204,171212,Handmade paper and paperb,1.3612470924253011e-05
1205,108915,Vegetable saps and extrac,1.3490221291500892e-05
1206,234310,Electrical insulators of ,1.3368503657450722e-05
1207,182030,Reproduction of magnetic ,1.3232550471927604e-05
1208,324041,Playing cards,1.3232550471927604e-05
1209,132032,Woven fabrics of syntheti,1.3094918738775926e-05
1210,101113,Fresh or chilled carcases,1.2540530229384337e-05
1211,110310,Fermented beverages and m,1.2527028469224445e-05
1212,293122,Starter motors and dual-p,1.2338049688942932e-05
1213,162122,Veneer sheets and sheets ,1.1810206080300486e-05
1214,103915,"Beans, preserved otherwis",1.1705622473409752e-05
1215,237012,"Natural stone setts, kerb",1.1284573017988567e-05
1216,101131,"Frozen carcases, half-car",1.0711803036205378e-05
1217,108916,Perishable foods includin,1.0336615537849075e-05
1218,108512,Prepared meals and dishes,1.0264731506345594e-05
1219,162299,Sub-contracted operations,1.0044043768949422e-05
1220,282412,Tools for working in the ,9.840838609586395e-06
1221,282422,Parts for pneumatic hand ,9.840838609586395e-06
1222,101230,Fats of poultry,9.428686373835796e-06
1223,101133,"Frozen carcases, half-car",8.9930619884594e-06
1224,241061,Ribbed or other deformed ,8.90425489479898e-06
1225,289315,"Bakery ovens, including b",8.54471549619321e-06
1226,103999,Sub-contracted operations,8.288420535331873e-06
1227,103214,Pineapple juice,8.240880030638432e-06
1228,161013,Railway or tramway sleepe,7.80653978005985e-06
1229,101313,"Meat salted, in brine, dr",7.768199183953615e-06
1230,201453,Phosphoric esters; and th,7.692737919799072e-06
1231,101114,"Meat of goats, fresh or c",7.529019905468893e-06
1232,106214,Crude maize (corn) oil an,6.947380221189358e-06
1233,103924,Peel of citrus fruit or m,6.7505590462497545e-06
1234,110799,Sub-contracted operations,6.592225225678988e-06
1235,201399,Sub-contracted operations,6.554627593277203e-06
1236,383213,Briquettes n.e.c. (produc,6.497822973256654e-06
1237,105151,Condensed or evaporated m,6.222458610647751e-06
1238,105153,Casein and caseinates,6.222458610647751e-06
1239,101399,Sub-contracted operations,6.20520534239994e-06
1240,244599,Sub-contracted operations,6.193941645744808e-06
1241,289914,Reel fed letterpress prin,6.120406583786993e-06
1242,103991,Cooking and other prepara,6.034488793421664e-06
1243,108912,"Egg products, fresh, drie",6.0249678511349945e-06
1244,108211,Cocoa paste (excluding co,5.945745906501137e-06
1245,109299,Sub-contracted operations,5.937178892921417e-06
1246,201549,Mineral or chemical ferti,5.875274423275249e-06
1247,201559,Mineral or chemical ferti,5.875274423275249e-06
1248,201539,Double salts and mixtures,5.871284433010604e-06
1249,329960,Taxidermy services,5.851655515386843e-06
1250,103914,Cut and packaged vegetabl,5.68254413490583e-06
1251,103930,Vegetable by-products and,5.6149160930179716e-06
1252,236210,"Boards, sheets, panels, t",5.536593042742581e-06
1253,201221,Disperse dyes and prepara,5.368747452276561e-06
1254,235112,Portland cement,5.3043022302089995e-06
1255,108914,Extracts and juices of me,5.211220802150139e-06
1256,110410,Vermouth and other wine o,5.061683304944417e-06
1257,107199,Sub-contracted operations,5.042595558414016e-06
1258,309220,Invalid carriages not mec,4.921721784373838e-06
1259,108299,Sub-contracted operations,4.887362006140839e-06
1260,282950,Non-domestic dish-washing,4.707344652269798e-06
1261,102025,Prepared or preserved sal,4.392887557458792e-06
1262,202013,Anti-sprouting products p,4.2712249577571006e-06
1263,211060,Extracts of glands or oth,4.231627744027292e-06
1264,291030,Motor vehicles for the tr,4.192333219214107e-06
1265,89119,Other chemical and fertil,3.92226132645049e-06
1266,109120,Lucerne (alfalfa) meal an,3.726155598041094e-06
1267,201351,Tungstates,3.666516709073934e-06
1268,332041,Installation of medical a,3.638531742872949e-06
1269,231911,Glass in the mass (exclud,3.6328723773711445e-06
1270,161031,"Wood in the rough, treate",3.5668311591977283e-06
1271,81112,"Quartzite (crude, roughly",3.432473969780477e-06
1272,110220,Wine lees; argol,3.3862542894505014e-06
1273,101312,"Beef and veal salted, in ",3.1145497110153694e-06
1274,151143,Leather of swine without ,3.0982228543002752e-06
1275,191010,Coke and semi-coke of coa,2.9756797050229365e-06
1276,191020,"Tar distilled from coal, ",2.9756797050229365e-06
1277,91011,Drilling services to petr,2.807669011511484e-06
1278,101299,Sub-contracted operations,2.761302572918897e-06
1279,101391,Cooking and other prepara,2.6626535032723574e-06
1280,102011,Fresh or chilled fish fil,2.542275038368478e-06
1281,102013,Frozen whole salt water f,2.542275038368478e-06
1282,102012,Fresh or chilled fish liv,2.512418904319246e-06
1283,102014,Frozen fish fillets,2.512418904319246e-06
1284,102015,"Frozen fish meat, whether",2.512418904319246e-06
1285,102016,Frozen fish livers and ro,2.5124189043192457e-06
1286,241067,Hollow drill bars and rod,2.3230365388155638e-06
1287,262012,"Point-of-sale terminals, ",2.1491463424083945e-06
1288,212099,Sub-contracted operations,1.82824105643407e-06
1289,108114,Cane molasses,1.7525504824942057e-06
1290,139913,"Felt, whether or not impr",1.5702216859870988e-06
1291,61010,Crude petroleum and crude,1.3912775019113794e-06
1292,201574,Other mineral or chemical,1.1978868013602256e-06
1293,201599,Sub-contracted operations,1.1911267488888636e-06
1294,211099,Sub-contracted operations,1.1911267488888636e-06
1295,244120,Gold (including gold plat,1.1577208993628107e-06
1296,234411,Ceramic wares for laborat,1.010393948487615e-06
1297,101135,"Frozen meat, of horses an",9.647154392510017e-07
1298,108499,Sub-contracted operations,9.442610064000689e-07
1299,234999,Sub-contracted operations,9.205962365545949e-07
1300,201573,Ammonium dihydrogenorthop,9.066725463896997e-07
1301,201575,Mineral or chemical ferti,9.066725463896997e-07
1302,201532,Ammonium sulphate (exclud,9.066725463896996e-07
1303,201551,Potassium chloride (exclu,9.066725463896996e-07
1304,201552,Potassium sulphate (exclu,9.066725463896996e-07
1305,201572,Diammonium hydrogenorthop,9.066725463896996e-07
1306,201541,Superphosphates (excludin,9.066725463896995e-07
1307,329952,Scent sprays and similar ,8.623515510822073e-07
1308,266014,Appliances for overcoming,8.388335394993406e-07
1309,89210,Peat,7.526405773916197e-07
1310,205958,Biodiesel and mixtures th,7.477700375513302e-07
1311,204110,"Glycerol (glycerine), cru",7.477700375513302e-07
1312,234412,Ceramic wares for laborat,7.46715212538838e-07
1313,101115,Meat of horses and other ,6.909745899221923e-07
1314,329912,Ball-point pens,6.402145758427918e-07
1315,329914,Pen or pencil sets contai,6.402145758427918e-07
1316,329915,Pencils and crayons with ,6.402145758427918e-07
1317,101143,Other raw hides and skins,6.363621714493424e-07
1318,259924,"Statuettes, frames, mirro",6.053870056477276e-07
1319,244130,Platinum. Unwrought or in,6.053870056477276e-07
1320,110299,Sub-contracted operations,5.763747316084893e-07
1321,81111,"Marble and travertine, cr",4.2578240939027466e-07
1322,236120,Prefabricated buildings o,3.645108347516051e-07
1323,104119,Other animal fats and oil,3.396077920653795e-07
1324,234111,Porcelain or china tablew,3.066972516756272e-07
1325,237011,Worked monumental/buildin,3.057524953600908e-07
1326,291021,Vehicles with only spark-,2.4936980534453674e-07
1327,272011,Manganese dioxide cells a,2.3843631478027117e-07
1328,282411,Electromechanical hand dr,2.3843631478027117e-07
1329,245112,Parts of land vehicles (n,2.2784220269828568e-07
1330,103215,Grape juice (including gr,1.9647262406591303e-07
1331,309111,Motorcycles and cycles wi,1.5310555746536972e-07
1332,309113,Side cars for motorcycles,1.5310555746536972e-07
1333,289199,Sub-contracted operations,1.2580852062035774e-07
1334,235111,Cement clinker,1.1965384598225187e-07
1335,235210,Quicklime,1.1866322770965065e-07
1336,110199,Sub-contracted operations,8.519317144370681e-08
1337,142010,Articles of apparel and c,7.580064263682097e-08
1338,151110,Tanned or dressed whole f,7.580064263682097e-08
1339,151151,"Leather of other animals,",7.580064263682097e-08
1340,102034,"Crustaceans, molluscs and",7.429637044509317e-08
1341,237099,Sub-contracted operations,4.788905556713967e-08
1342,139319,Needlefelt carpets and ot,4.644899011530269e-08
1343,132099,Sub-contracted operations,4.263327528750531e-08
1344,102026,Caviar (sturgeon roe),4.214713854261767e-08
1345,102091,Smoking and other preserv,4.214713854261767e-08
1346,72913,Aluminium ores and concen,4.0963900050343956e-08
1347,325042,Sunglasses,1.8344782825948927e-08
1348,275114,Electric blankets,1.750092281595528e-08
1349,161022,"Bamboo, incl. strips and ",1.6363546280746444e-08
1350,201366,"Sulphur (excluding crude,",1.5519686270752793e-08
1351,201369,Other inorganic chemical ,1.5519686270752793e-08
1352,202099,Sub-contracted operations,1.5519686270752793e-08
1353,231312,Drinking glasses (includi,1.4840929306192682e-08
1354,205112,Safety fuses; detonating ,1.4666653869346168e-08
1355,205114,"Signalling flares, rain r",1.4666653869346168e-08
1356,205111,Propellant powders,1.436396495271801e-08
1357,131022,"Wool, degreased or carbon",9.273287718517183e-09
1358,131025,"Cotton, carded or combed",9.273287718517183e-09
1359,131031,"Synthetic staple fibres, ",9.273287718517181e-09
1360,234199,Sub-contracted operations,8.741289016564664e-09
1361,301299,Sub-contracted operations,4.567850923661283e-09
